questao,media,maximo,pct,zero
Q1,3.4485507246376814,4.0,0.8621376811594204,0.0
Q2,1.3768115942028984,2.0,0.6884057971014492,0.11594202898550725
Q3,0.7050724637681159,1.0,0.7050724637681159,0.014492753623188406
Q4,1.7463768115942029,3.0,0.5821256038647343,0.08695652173913043
Q5,0.18840579710144928,0.5,0.37681159420289856,0.6231884057971014
